{"cameraMode":{"drawMode":0,"name":"Shaded","section":"Shading Mode"},"sceneLighting":true,"audioPlay":false,"sceneViewState":{"showFog":true,"showMaterialUpdate":false,"showSkybox":true,"showFlares":true,"showImageEffects":true,"showParticleSystems":true},"in2DMode":false,"pivot":{"x":12.741312980651856,"y":11.074105262756348,"z":-1.4018619060516358},"rotation":{"x":-0.2535315454006195,"y":-0.2526259124279022,"z":0.06877825409173966,"w":-0.9312378764152527},"size":80.72869873046875,"orthographic":false}